<?xml version="1.0" encoding="UTF-8"?>
<project-private xmlns="http://www.netbeans.org/ns/project-private/1">
    <editor-bookmarks xmlns="http://www.netbeans.org/ns/editor-bookmarks/2" lastBookmarkId="0"/>
    <open-files xmlns="http://www.netbeans.org/ns/projectui-open-files/2">
        <group>
            <file>file:/C:/Users/Brandon/Documents/School/Object%20Oriented%20Programming/Fall%20Semester%20(Current)/MasterMindProject/src/mastermind/MasterMind.java</file>
            <file>file:/C:/Users/Brandon/Documents/School/Object%20Oriented%20Programming/Fall%20Semester%20(Current)/MasterMindProject/src/core/Game.java</file>
            <file>file:/C:/Users/Brandon/Documents/School/Object%20Oriented%20Programming/Fall%20Semester%20(Current)/MasterMindProject/src/core/ICodemaker.java</file>
            <file>file:/C:/Users/Brandon/Documents/School/Object%20Oriented%20Programming/Fall%20Semester%20(Current)/MasterMindProject/src/userinterface/CodemakerUi.java</file>
            <file>file:/C:/Users/Brandon/Documents/School/Object%20Oriented%20Programming/Fall%20Semester%20(Current)/MasterMindProject/src/userinterface/MasterMindUi.java</file>
            <file>file:/C:/Users/Brandon/Documents/School/Object%20Oriented%20Programming/Fall%20Semester%20(Current)/MasterMindProject/src/core/ICodebreaker.java</file>
            <file>file:/C:/Users/Brandon/Documents/School/Object%20Oriented%20Programming/Fall%20Semester%20(Current)/MasterMindProject/src/core/IGame.java</file>
            <file>file:/C:/Users/Brandon/Documents/School/Object%20Oriented%20Programming/Fall%20Semester%20(Current)/MasterMindProject/src/constants/Constants.java</file>
            <file>file:/C:/Users/Brandon/Documents/School/Object%20Oriented%20Programming/Fall%20Semester%20(Current)/MasterMindProject/src/core/Codemaker.java</file>
            <file>file:/C:/Users/Brandon/Documents/School/Object%20Oriented%20Programming/Fall%20Semester%20(Current)/MasterMindProject/src/userinterface/CodebreakerUi.java</file>
            <file>file:/C:/Users/Brandon/Documents/School/Object%20Oriented%20Programming/Fall%20Semester%20(Current)/MasterMindProject/src/core/Codebreaker.java</file>
        </group>
    </open-files>
</project-private>
